url,name,address,city,state,phone
http://www.leesuess.com/,"Lee Suess, LLC","210 University Ave, Williston, ND 58801",Williston,ND,(701) 577-2157
http://www.hmrcpas.com/,Results,"35 9th St W, Grafton, ND 58237",Grafton,ND,(701) 352-2285
http://schauercpa.com/,Results,"111 9th St SW #203, Jamestown, ND 58401",Jamestown,ND,(701) 252-5422
https://www.craighansoncpa.com/,Results,"905 James Ave NE, Jamestown, ND 58401",Jamestown,ND,(701) 252-6190
http://www.zimmermanlawnd.com/,Results,"289 Main Ave, Napoleon, ND 58561",Napoleon,ND,(701) 754-2570
http://www.hetcpa.com/,Results,"620 Main Ave, Washburn, ND 58577",Washburn,ND,(888) 602-3020
https://www.legacycpand.com/,Results,"1038 Hill Ave, Grafton, ND 58237",Grafton,ND,(701) 352-2020
https://splinternetmarketing.com/local-pros/nd/crosby-1/rosemary-l-tanberg-cpa/,Results,"206 Main St NW #809, Crosby, ND 58730",Crosby,ND,(701) 965-6662
https://www.nokaccounting.com/,Results,"3210 27th St W Ste 202, Williston, ND 58801",Williston,ND,(701) 609-5028
http://ptacekfinancial.com/,Results,"420 Main Ave, Oakes, ND 58474",Oakes,ND,(701) 742-2179
http://www.donacpa.com/,Results,"3001A 32nd Ave S Ste 5A, Grand Forks, ND 58201",Grand Forks,ND,(701) 772-2491
https://levorsentax.com/,Results,"211 N Main St, Elgin, ND 58533",Elgin,ND,(701) 584-2354
https://schwartzcpa.com/,Results,"232 1st Ave E, Dickinson, ND 58601",Dickinson,ND,(701) 483-3800
https://www.pointcpa.com/?utm_source=google&utm_medium=google_business_profile&utm_campaign=website_click,Results,"4585 Coleman St Ste 101, Bismarck, ND 58503",Bismarck,ND,(701) 751-3646
https://www.s-hcpa.com/,Results,"1400 W Century Ave, Bismarck, ND 58503",Bismarck,ND,(701) 221-2655
http://www.statestreettax.com/,Results,"1674 15th St W #4, Dickinson, ND 58601",Dickinson,ND,(701) 483-3420
http://www.strandcpa.com/,Results,"521 Main St #3, Bottineau, ND 58318",Bottineau,ND,(701) 228-5173
https://www.conditcpas.com/?utm_source=google&utm_medium=google_business_profile&utm_campaign=website_click,Results,"3491 45th St S, Fargo, ND 58104",Fargo,ND,(701) 237-6364
http://www.storhaugcpa.com/,Results,"502 Main St, Lisbon, ND 58054",Lisbon,ND,(701) 683-5303
http://www.ndcpas.org/,Results,"3100 S Columbia Rd #500, Grand Forks, ND 58201",Grand Forks,ND,(701) 775-7111
http://www.merkelcpa.com/,Results,"101 Main St, Ellendale, ND 58436",Ellendale,ND,(701) 349-1040
https://www.serhienkocpa.com/,Results,"1006 Park St, Bottineau, ND 58318",Bottineau,ND,(701) 228-3444
http://www.dickinsonndcpas.com/,Results,"148 1st St W, Dickinson, ND 58601",Dickinson,ND,(701) 483-1156
http://www.nehringcpa.com/,Results,"716 2nd St W, Williston, ND 58801",Williston,ND,(701) 577-4622
http://www.valleycitycpa.com/,Results,"100 Central Ave S, Valley City, ND 58072",Valley City,ND,(701) 845-1457
http://www.hr-pc.com/,Results,"125 2nd Ave W, Dickinson, ND 58601",Dickinson,ND,(701) 483-1122
http://sandsinc.net/,Results,"2505 E Rosser Ave, Bismarck, ND 58501",Bismarck,ND,(701) 255-2434
https://www.sourisvalleyaccounting.com/?utm_source=google&utm_medium=wix_google_business_profile&utm_campaign=6506727669769026363,Results,"1401 11th Ave SW #2, Minot, ND 58701",Minot,ND,(701) 837-5588
https://www.cbaccountingnd.com/,Results,"2000 Schafer St Ste G, Bismarck, ND 58501",Bismarck,ND,(701) 751-1320
https://www.oncpas.com/,Results,"200 1st Ave N #20, Grand Forks, ND 58203",Grand Forks,ND,(701) 746-0437
http://davidhancecpa.com/,Results,"710 31st Ave SW STE 1, Minot, ND 58701",Minot,ND,(701) 240-2410
http://www.eaton-cpa.com/,Results,"1640 E Capitol Ave, Bismarck, ND 58501",Bismarck,ND,(701) 751-7123
https://www.jamestownaccountingfirms.com/about_us.html,Results,"905 James Ave NE, Jamestown, ND 58401",Jamestown,ND,(888) 906-4637
