url,name,address,city,state,phone
https://www.nokaccounting.com/,Results,"3210 27th St W Ste 202, Williston, ND 58801",Williston,ND,(701) 609-5028
http://www.nehringcpa.com/,Results,"716 2nd St W, Williston, ND 58801",Williston,ND,(701) 577-4622
https://www.craighansoncpa.com/,Results,"905 James Ave NE, Jamestown, ND 58401",Jamestown,ND,(701) 252-6190
http://www.hetcpa.com/,Results,"620 Main Ave, Washburn, ND 58577",Washburn,ND,(888) 602-3020
https://www.facebook.com/QualityTaxPrep58801,Results,"1416 2nd Ave W #5, Williston, ND 58801",Williston,ND,(701) 572-0891
http://www.hulsingcpa.com/,Results,"25 1st Ave W #120, Dickinson, ND 58601",Dickinson,ND,(701) 483-9697
http://www.hr-pc.com/,Results,"125 2nd Ave W, Dickinson, ND 58601",Dickinson,ND,(701) 483-1122
http://www.strandcpa.com/,Results,"521 Main St #3, Bottineau, ND 58318",Bottineau,ND,(701) 228-5173
https://levorsentax.com/,Results,"211 N Main St, Elgin, ND 58533",Elgin,ND,(701) 584-2354
https://www.benznoreen.com/,Results,"14 N Main St, Bowman, ND 58623",Bowman,ND,(701) 523-5696
http://www.nccray.com/,Results,"111 W Railroad Ave *38, Ray, ND 58849",Ray,ND,(701) 568-3331
https://schwartzcpa.com/,Results,"232 1st Ave E, Dickinson, ND 58601",Dickinson,ND,(701) 483-3800
https://splinternetmarketing.com/local-pros/nd/crosby-1/rosemary-l-tanberg-cpa/,Results,"206 Main St NW #809, Crosby, ND 58730",Crosby,ND,(701) 965-6662
https://bankforward.com/tax/,Tax Forward,"400 2nd Ave SW Ste 205, Jamestown, ND 58401",Jamestown,ND,(701) 252-2080
https://www.serhienkocpa.com/,Serhienko CPA's,"1006 Park St, Bottineau, ND 58318",Bottineau,ND,(701) 228-3444
https://clarkeandassociatescpa.com/,"Clarke & Associates, PC","1502 13th Ave W, Williston, ND 58801",Williston,ND,(701) 572-5554
http://bbhinsure.com/,BBH Insurance,"104 W Railroad Ave, Ray, ND 58849",Ray,ND,(701) 568-2550
